1,ABC123,2023/10/06 09:15:00,10,Item 1,This is the content for Item 1
90,DEF456,2023/10/06 10:30:45,15,Item 2,This is the content for Item 2
3,GHI789,2023/10/06 11:45:30,8,Item 3,This is the content for Item 3
4,JKL123,2023/10/06 12:00:15,12,Item 4,This is the content for Item 4
5,MNO456,2023/10/06 13:15:00,6,Item 5,This is the content for Item 5
6,PQR789,2023/10/06 14:30:45,18,Item 6,This is the content for Item 6
7,STU123,2023/10/06 15:45:30,9,Item 7,This is the content for Item 7
8,VWX456,2023/10/06 16:00:15,14,Item 8,This is the content for Item 8
9,YZA789,2023/10/06 17:15:00,11,Item 9,This is the content for Item 9
10,BCD123,2023/10/06 18:30:45,7,Item 10,This is the content for Item 10
11,CDE456,2023/10/06 19:45:30,16,Item 11,This is the content for Item 11
12,DEF789,2023/10/06 20:00:15,13,Item 12,This is the content for Item 12
13,EFG123,2023/10/06 21:15:00,5,Item 13,This is the content for Item 13
14,FGH456,2023/10/06 22:30:45,20,Item 14,This is the content for Item 14
15,GHI123,2023/10/06 23:45:30,8,Item 15,This is the content for Item 15
16,HIJ456,2023/10/07 00:00:15,17,Item 16,This is the content for Item 16
17,IJK789,2023/10/07 01:15:00,9,Item 17,This is the content for Item 17
18,JKL123,2023/10/07 02:30:45,12,Item 18,This is the content for Item 18
19,KLM456,2023/10/07 03:45:30,6,Item 19,This is the content for Item 19
20,LMN789,2023/10/07 04:00:15,11,Item 20,This is the content for Item 20
21,NOP123,2023/10/07 05:15:00,10,Item 21,This is the content for Item 21
22,OPQ456,2023/10/07 06:30:45,15,Item 22,This is the content for Item 22
23,PQR789,2023/10/07 07:45:30,8,Item 23,This is the content for Item 23
24,QRS123,2023/10/07 08:00:15,12,Item 24,This is the content for Item 24
25,RST456,2023/10/07 09:15:00,6,Item 25,This is the content for Item 25
26,STU789,2023/10/07 10:30:45,18,Item 26,This is the content for Item 26
27,TUV123,2023/10/07 11:45:30,9,Item 27,This is the content for Item 27
28,UVW456,2023/10/07 12:00:15,14,Item 28,This is the content for Item 28
29,VWX789,2023/10/07 13:15:00,11,Item 29,This is the content for Item 29
30,WXY123,2023/10/07 14:30:45,7,Item 30,This is the content for Item 30
31,XYZ456,2023/10/07 15:45:30,16,Item 31,This is the content for Item 31
32,YZA789,2023/10/07 16:00:15,13,Item 32,This is the content for Item 32
33,ZAB123,2023/10/07 17:15:00,5,Item 33,This is the content for Item 33
34,ABC456,2023/10/07 18:30:45,20,Item 34,This is the content for Item 34
35,BCD123,2023/10/07 19:45:30,8,Item 35,This is the content for Item 35
36,CDE456,2023/10/07 20:00:15,17,Item 36,This is the content for Item 36
37,DEF789,2023/10/07 21:15:00,9,Item 37,This is the content for Item 37
38,EFG123,2023/10/07 22:30:45,12,Item 38,This is the content for Item 38
39,FGH456,2023/10/07 23:45:30,6,Item 39,This is the content for Item 39
40,GHI123,2023/10/08 00:00:15,11,Item 40,This is the content for Item 40
41,HIJ456,2023/10/08 01:15:00,7,Item 41,This is the content for Item 41
42,IJK789,2023/10/08 02:30:45,16,Item 42,This is the content for Item 42
43,JKL123,2023/10/08 03:45:30,13,Item 43,This is the content for Item 43
44,KLM456,2023/10/08 04:00:15,5,Item 44,This is the content for Item 44
45,LMN789,2023/10/08 05:15:00,20,Item 45,This is the content for Item 45
46,MNO123,2023/10/08 06:30:45,8,Item 46,This is the content for Item 46
47,NOP456,2023/10/08 07:45:30,17,Item 47,This is the content for Item 47
48,OPQ789,2023/10/08 08:00:15,9,Item 48,This is the content for Item 48
49,PQR123,2023/10/08 09:15:00,12,Item 49,This is the content for Item 49
50,RST456,2023/10/08 10:30:45,6,Item 50,This is the content for Item 50
51,STU789,2023/10/08 11:45:30,11,Item 51,This is the content for Item 51
52,TUV123,2023/10/08 12:00:15,7,Item 52,This is the content for Item 52
53,UVW456,2023/10/08 13:15:00,16,Item 53,This is the content for Item 53
54,VWX789,2023/10/08 14:30:45,13,Item 54,This is the content for Item 54
55,WXY123,2023/10/08 15:45:30,5,Item 55,This is the content for Item 55
56,XYZ456,2023/10/08 16:00:15,20,Item 56,This is the content for Item 56
57,YZA789,2023/10/08 17:15:00,8,Item 57,This is the content for Item 57
58,ZAB123,2023/10/08 18:30:45,15,Item 58,This is the content for Item 58
59,ABC456,2023/10/08 19:45:30,9,Item 59,This is the content for Item 59
60,BCD789,2023/10/08 20:00:15,14,Item 60,This is the content for Item 60
61,CDE123,2023/10/08 21:15:00,7,Item 61,This is the content for Item 61
62,DEF456,2023/10/08 22:30:45,17,Item 62,This is the content for Item 62
63,EFG789,2023/10/08 23:45:30,11,Item 63,This is the content for Item 63
64,FGH123,2023/10/09 00:00:15,6,Item 64,This is the content for Item 64
65,GHI456,2023/10/09 01:15:00,12,Item 65,This is the content for Item 65
66,HIJ789,2023/10/09 02:30:45,5,Item 66,This is the content for Item 66
67,IJK123,2023/10/09 03:45:30,20,Item 67,This is the content for Item 67
68,JKL456,2023/10/09 04:00:15,8,Item 68,This is the content for Item 68
69,KLM789,2023/10/09 05:15:00,15,Item 69,This is the content for Item 69
70,LMN123,2023/10/09 06:30:45,9,Item 70,This is the content for Item 70
71,MNO456,2023/10/09 07:45:30,14,Item 71,This is the content for Item 71
72,NOP789,2023/10/09 08:00:15,7,Item 72,This is the content for Item 72
73,OPQ123,2023/10/09 09:15:00,16,Item 73,This is the content for Item 73
74,PQR456,2023/10/09 10:30:45,13,Item 74,This is the content for Item 74
75,QRS789,2023/10/09 11:45:30,5,Item 75,This is the content for Item 75
76,RST123,2023/10/09 12:00:15,20,Item 76,This is the content for Item 76
77,STU456,2023/10/09 13:15:00,8,Item 77,This is the content for Item 77
78,TUV789,2023/10/09 14:30:45,15,Item 78,This is the content for Item 78
79,UVW123,2023/10/09 15:45:30,9,Item 79,This is the content for Item 79
80,VWX456,2023/10/09 16:00:15,14,Item 80,This is the content for Item 80