1,ELH65,2024/12/25 03:34:03,22,Yvette Haynes,Phasellus fermentum convallis ligula. Donec luctus
2,EJF55,2024/09/25 02:59:09,7,Kasimir Norris,Cras vulputate velit eu sem. Pellentesque ut ipsum ac mi
3,QXW32,2023/07/14 06:54:20,3,Suki Mathis,"sagittis felis. Donec tempor, est ac mattis semper, dui lectus rutrum urna,"
4,HUV07,2023/08/15 11:47:27,3,Akeem Greene,"fringilla, porttitor vulputate, posuere vulputate, lacus. Cras interdum. Nunc sollicitudin commodo ipsum. Suspendisse non leo. Vivamus nibh"
5,OZT82,2022/02/31 02:02:29,19,Zeph Moody,"lorem vitae odio sagittis semper. Nam tempor diam dictum sapien. Aenean massa. Integer vitae nibh. Donec est mauris, rhoncus"
6,XLR32,2024/04/29 05:45:47,4,Kay Witt,libero dui
509,LMX57,2023/07/21 11:26:17,6,Jonas Cobb,"cursus a, enim."
8,KXQ01,2022/10/18 02:56:26,20,Patience Monroe,"ligula consectetuer rhoncus. Nullam velit dui, semper et, lacinia"
9,CYU74,2024/11/20 11:35:24,6,Rajah Sawyer,non nisi. Aenean eget metus. In nec orci. Donec nibh. Quisque nonummy ipsum non arcu.
508,LMX57,2023/12/21 11:26:17,6,Jonas Cobb,"cursus a, enim."
10,GJL34,2023/03/22 07:35:23,0,Ramona Herring,Nulla facilisi. Sed neque. Sed eget lacus. Mauris
11,XYF21,2023/05/12 02:05:02,7,Armando Shannon,"pharetra sed, hendrerit a, arcu. Sed et libero. Proin mi. Aliquam gravida mauris ut mi. Duis risus odio,"
12,MLK27,2024/01/23 11:59:28,15,Lewis Mendez,"bibendum sed, est. Nunc laoreet lectus quis massa. Mauris vestibulum, neque"
13,MLV23,2024/05/21 07:27:14,1,Gage Bowers,a odio semper cursus. Integer mollis. Integer tincidunt aliquam arcu. Aliquam ultrices iaculis odio. Nam interdum
14,FLW86,2023/09/22 07:07:29,21,Reese Navarro,"natoque penatibus et magnis dis parturient montes, nascetur ridiculus mus. Aenean eget magna."
15,UEV15,2023/11/25 01:45:08,1,Irene Hodge,magna. Lorem ipsum dolor sit
16,OKF65,2024/02/29 03:59:21,10,Oscar Banks,Aenean gravida nunc sed pede. Cum sociis natoque penatibus
17,QCH88,2023/07/14 04:31:40,23,Robin Haney,Donec tincidunt. Donec vitae
18,IAP19,2024/08/13 11:11:04,10,Adria Flowers,facilisis. Suspendisse
19,CVS26,2023/04/07 05:55:01,25,Charity Ferguson,"orci tincidunt adipiscing. Mauris molestie pharetra nibh. Aliquam ornare, libero at auctor ullamcorper,"
20,OLI61,2024/02/20 01:47:02,8,Isadora Kirk,primis in