19,XKLFF,2014/06/30 12:41:08,20,BMIQIRHVHZBMC,LQ1LXS12BICLGPWANTP8L0DZODPXF9RGSZMSJXLT8F75BC9S1H641MM4OPCL86RQNUURBCWJR30NBJ19XMRMSW0UC0OVSUX120VCRRMP53MF9FJCHFINIOEYAR5RYBN78YTEXQFV3SU091L3UPUDRLY9L2ARZ2QU86P4X8HLHIRB2PW9812T0GBFUBLF961O4SU4PCB5N11PPA69IVJ4JZJMPGMTBUNCMB0TH0V0Z3Y8EBOBGZ15PHI86DURY1RPLC91L8GSU4VQ
39,S9K1R,2001/05/11 20:06:45,22,ZILFQCRPXLPXDARD,HDUDM57FOTKOFEHC1B2D845HIM4R1V8IXINAWR238EJCUYLXEVYTXD9X1TPODKTLQU9GQP2UXDBVQHPKB0L7WXJRL93Z84AY2AH1C09AHIS4R514FITOZKBUCWG310LG3K46PGIW2B5QV9397AT35RYDOU1C5SLWTHRFQUKER4VUMKKMAME7FCLY3Y
59,4PG52,2009/02/27 23:21:29,75,MTYXCX,Y4JSQCD9L0GQZ1VXHT81NKZDT5GJADBMBIF3F7V8PYXVL1CUWZ9WC59MBUT0TWRXF89I8MQXN84P2GC020HMOMMWS5TVPP4R0JI5VEMDPR
43,6413F,2019/05/05 15:52:07,23,XS,UZ12RCCHF52EN
60,7OGQM,2010/09/28 09:10:42,31,ALHCJJKKTJPXV,PIXOA0KCB
83,3XDMZ,2020/11/23 01:20:34,20,OLQIDZRHTHRSQIMQK,WHP4Y8GSKWU9JU12KFRHTA5BZ0A6BIRV2ZHRCL20QPSD2Z99DE9KX1C1SFD3TJNG3T36RGPY7RNNZO7T49GEV7HB6E9K3H1IDL3P1GQEFW2BBTGQSUJAQ99REDZ900TFYQOSI87GYVMJL4YR2L91Z8TWG14PPHIIEBXRNJDC8STMH2OY2X31ZWQH4UL6HMB5B5PXME0TLZ4K34VAD7VXW5PCBRO6K14ZMA4K22TD9LFTNG5LDANH83FIECSSV9V0WSEF548JMSV8Z3DSENUWK4JJFRT0QZH3L3M0XNBJQ95PDTJYPEAXKB1UMEN54CA5T3OMP1NHJMSNB5CNV0C0YLF2K16JLDA3303MDH38ESMP7L9NLIA4
78,XOSUN,2005/08/22 03:50:25,36,IRDEYQTHQPL,HVKQJRFJPF7LG9NS0875CECNDB74WOF3RQ11NIB3MF5TVK8HJLLDNKKPKQ6IVOPIAPE0HX6ERHVMSLERSEJRAQO6R318Q0C2DO6WPZPANH097FAUC3MTLO71YE79AH788O3UJ64G0NO8R8E0XLE357EHLIJ6I85JN3W2CKPAB4RQ0PEGUBZTT3CS0C1PCV72O38ICWESZUUE13SW8TO2C5S0OHPSS3YROA87RYAM9Z4FNX4LBE2M3KXBWVKI29HIMD7GPB6CUGF36A0ECSZ4BILJHCPMYHKR02GD9F94UJ8Z61LW0EAQLYZPQ9MBSPT6N12YN81JHPK8NSJIEQTOS4JANHEYPTL3X
28,OB89S,2016/12/07 06:19:43,13,IPLV,LHNX8UFO3E8GHO8N3IIC3KF4VDKWUC293851TP94NDQRVW40PKJHU8K3DBIR4LSJT3V4ZNSTUVK0A9NRDGPNMW8I45F6CG4NEA9PK2ZI12Y2ZY5L6QRNTYZO2FMO21G5ES6KJ1GTF6LUW1DAYGXAVB4NQQ4AE7K1575ZXZQBXL3WZ4ABYVFVMHJ4TGS5LPSKX3NR23TOVOGAG87P0YYEXGJQ2FB9ISQS4LCKILWI7PTBEHXLQX8T1T6OOBAHT62FIKIKJUW1Z67DB7TKJMV95E6OTYWQKHN3FXBIP5RARQFHNXQQ4QHKTXEOK6W7
55,RTWJF,2010/02/07 00:00:44,92,WPLV,ZZINXCUTEL8JD9FMFWQ2H6SU9XPTLUEWYGJA2LWWC41R93BEFEHBR49W815TVHWAB1KRFBN0JE3AY50VPOTOAET7M8X8FZ0QQFED2Y8LE1WHH5TCD0PD921ZN4KPRJL1ISFAQ5V5414YVK0DVOUNGM0O08FGD6ZWEI9Z3XGO2NJJFKZVPPPUWDIJHTPK4VTHZL34CTG2Q44
7,D9WY9,2007/08/29 16:38:41,67,WZXGOO,E5A7YC18L1D2E2JKXQK2P0HQIR8FEVC2X7125TKUG2R9NWVY4J52C8IXABILTLJ83YZ8HOQFLVDX5ON7TIJIXM7E6PCKIC3A8E52HXASJQ34HEJMH3GZ90V0YU3UK9GKZ9JTNJ2KGGPUBIE53O7IP162UXOAKT48EPKN8YZPA4EU1NG4P643XMTGCSUL9G6UW3QWWTLYBYMJ
34,JICD3,2001/04/26 08:22:34,63,,8SX88CPDO5TXH4LYJG174GR5V8F58TQCR6VGXEPNWHGS86EF4B9WV3EKW3TSUOG5UI7S42ZO2KA8WMOJL1GDTLMCS8MXFQSVBBZV1NVRL5RFY0HSPAVVR7094G2L8CV76MZSHHLDE31CNR95D597L1FRSIX6OWZ74T5C05Q8INZBXOZWAAYLCX2BV9OXVYG5Z
23,LK6SQ,2001/02/27 05:21:13,56,GHTTTVZX,5T1BJDS7M6OR0VBD86A4FTEYSXKVTXBEU
3,Y43QY,2006/09/21 15:23:47,18,KQOBPGSRKVX,MA1JTFN0WMCJTSHZ60Y27N2Y9OJZ8RPAYO7Z5P9RUNF6AV6II73KWMKALXWW8MRZRGUE4NSRWVWF2CPHBS87FLRTB8OUCSER0IC9O33A084VUOU9XULIJH05K5LAO1YZD6RSCF6FHD7LQGC76GA5TS2V42V6TWYB53LADVQOIZXM8PDREDAA6XM2ROPNY42YVFWF73OX04HA4UG70XCXQ981M5RHPPFNBV3Y5DEM66IXL0IQCR3QN8YU56KZ5RPVACO7WNA5S433BNB9YWDN6W
45,C8BGT,2016/12/25 03:06:53,6,FAJU,J8LO87WD51IM8BEPF8YZ7FOP1OPL51O9AJHS1GI5K3J0FRSHC4UO8LLI0SKHDDPD2HJ9CN3GWMD6F55X6OOXIBBVK916TBRQ52A6DFK6JQ9NKGYU7Z3SS3ZOE1N2JE854A469FIWMJ7TZ6YYOU3QQEMVIGEWK2EG2FVD8XW8Q3WA35JY9Y3HUYG5HEPD1MXGZTOI6GQH87261AOMFXVXK4PKRMCN
32,GE6HX,2009/04/30 07:15:45,94,NBSOATBHUCBLXQXZ,FJHQ40AAWBGK3ZPRP5GUDMEZQ0OF71DUJIS1XVWYSZ8Q2ORKYAHG2Z621G8QIKDXBD2XGZCW3U0EPRY53L0ZM7C3RC2NI5OBC3HHCIXP5NGQTZVWTDLUXIIAE05IKMDZUX92YKRG2FUP8A0C0QV76FLRS85XA344CH95M0ZWWJXQLZI1NY2EX0GHUW3052P97WBVZXDPTQG85HZ6N6PFB0K6HQ64C816MTP70ZIY758QCS1ABO2H7BNXTW5SHZ8GSRBX69VNUHNKGA370OPT11HZPJ4JTKOT2YZD8W5UYBC2MU2NJ8IBN47I2Q37G858SZZ5UEKPNV25SUUF1X9CINP13EM
98,RN8M6,2018/05/16 22:49:48,29,IXAFZD,D8LUWHUXXSQJ6PDMYGL58SNICW2SFQ6OLD28UUNFTX400IVZRT51N25VZWJMG46XN4TE74L1KWQPB9VZ2RAVZ4MO4JTH4DBK41SLA4JM3PUEPM866GP21PSKA5NE18FH25TRCP6VFYDTZQSM8CNK3LC7DDNBI3ZNJBS43OEH1VPO279N80Y0HK0VF74TDTAGZKUD3MFW6OO3PQFT9R0HAMTP2ZUL7H4PZLEB6S4WA5Z9ZBBL0V18TPI8OHPNNFFIWXLIRIZD
82,4VZ15,2007/02/08 13:22:59,30,BDR,UPML1OPQN6JSNUQYC8K01J145TP8ERKDUFLKIGMFSZ1X0GKCZ0MHY8OUQQWVXJISFVTKEDG63RMNK2R6CTDAC3FAC584DSJLXEATFKEABKEIA95DUME2OLBFI8ODVJDGYTV01IFKYAVOQHSE4T40W655D5ETT
69,2M63Z,2014/08/19 03:14:34,35,LIUMAZI,4CSRXZXFCAMV05ARUDUEQWO96SDVWMOS12CIR2
54,BY3NA,2014/11/11 14:10:35,28,ATWRCWPCETNAD,PZKYXSN2JBXCE0TUXS644AZNZ39GVF2N7HT29UR0YN5SO5U3NMIB8T4CVMD93D2PJIREV6GGMN7SJ4U1BPSXW0G7ANZIQNANA704JBYLZ6VVQ1ZSNWK0IACNMJQ8ZCL3Z6F9NGKH36OPGFEJSIEYAMEB4EBCSQLEC5673XFZYMXGB8T5288PMG11SXIOUPJROA97B20YUFXKQLMLC6J1PQ926FYJF9TE1QSFJ0CBA4GR24R4IDIEDX6QCMHP27XGROG1AGK0LB3P2R9JQ5O246EILPQBDU73EEXEN5TWX0EU1XDPR8ZBUXO5G28MH997KLI0UDHDJPNO6YVZ
2,0P7BW,2014/02/19 20:05:48,25,CXTYEIS,LOBUZPFGTEFN1ULIMRJGIWC1DCYQRIUWHSJT2WDEKOD44WAA5L9JAG3GKITPLRPCQRYAU4YI66T4Y6DMYGJNCEGADJMFZ1UR0SDWRX2LMEFXVXCUBT
74,8JD5N,2009/05/27 16:51:18,54,D,FRR4NXB0EZO7OAD7EGFK0HJ3HFNN83LQGEV883QUHL6FYW1LLNYV0JYSRBGZ9L41XTFUBFOBQ05RQHRTHMTGR4XBV7VILYBZ07MQDPZ2LHAKQC8QVSJRILTV0RKG3UYEG2VHP7BIMJZN6U197ER40U1NCBWYIIPMFOKTUOJWEV3NY6UJUYMJOPVEXOA1F4L37NLPB1NPHQ3ABAO5OJBUX36TCW2KOY3EP88BR6UBGBRN6VZRGO4T06DNDFD3265LSZ7WBTJXHZBR7WBH1RLS8B6BWY7HVLK9KCAE6C3CFOF1YN4BPDG9H7JD
26,TV9I2,2020/08/15 05:35:43,27,SDYLGZXJDVLS,XHFG073OW9D770EBQLV1JP8A2YY13ARRWCPRDYAJ85APS9CIPXFG6HTLO2OZT3B7PV09P2Z9CW26U6FHRS2RB2XBN65HXOW21NRD55Z3WXJ8IYG9CR9
5,X7P9D,2005/04/18 06:02:26,78,D,FT2J8G97PP76E2BWXYHUYMBHUPQZZF9R1UFTBSI3E6WHJUAFEY3DF5KXJ1Q1TZR39EEZ2ZKIPK10NVAGM2JK3WEWFZ3SM78Q6J0EFHIRKYEIL62I3RERUBZX4L1TMWNQGUPZTBRFC7NXU0X44A03VZF09F7WJ680RLYFPFIUKGKXC9F2N
81,QMBSH,2018/06/10 00:08:00,5,FVVD,507FLGTO3EPW9CE48TRS6DDJIAPNUBAZJFJU0GD2HE4W1ZZOMAAGVJNK1CBGD4OF3FSDQ3313QQOMS9QKQHN129GJAIZ6M84PT1DBEH6TSEI28CDB6Y34QCKZ19LLMNPTM63F2BPZQX4HN9UG1TLVTDQV39WW1G7VADNAK9EUHI1BFJTRSUVDMWYHNJLYK2F1MDFJ3X8TMVQOMP8NMV6JB71NORJN77P8STQVKMVR2AFAMHGMNNNAFEI4ELIZUJAMH49SA9LZDRX4I9LEJ6L0CH4
14,7CIEI,2016/05/13 14:05:50,24,GNTNKPNYFYRCMEMRJ,017A153IGL5E0K05PE6549V7PISRSRNYHEQ6HM7G2J5XJUA0LF3ZCX8VHPZ8F3VR0RID83N9I5RVPQKK2LC62AG0DY582Z5I4J27T4ZE1ZNR8IMLIYYSF83OFWE882TRLUGVSV2WQVTU5IJX0XJSB8LXEAYOXOG8BJG7W4CU2G2TSLCUIL6NV595MV8PI95NNVKL647LXW4YYX79JAFV48AKZSP7ZWVS0GVWM97TUHBATI5EVIWS0ROZXD405KR231P9ZZGAX1ZCRFWBFHIB6GDL3IFP5LV67FCM86DQ8LY8QTLOR78H7VAHX04OPL413DWS7CANC8BM73X3N7S3ZMPZTR2BQOU0J6OPCUXIBEOLO5HA0L69HNVMES
90,1ULFO,2005/02/30 06:22:44,3,,0VKYRT5R2742DXU3S3QZPAR7A4XJL6J6PTJP21GLMQ7OZM8VTHRNMARB8E4L87D7JK1BHECY64ZB11CG8FT5QGB2XA007G55NNB6YBBCZ7Y43SYDHGE7JHHKTXYYIT7C5WN2HI9M9F3WOCP6VCYVZFFBQYX8BQ05KP4JIHJ96ZH0034UAG7QJAJRL24B9N6P9L6F9V
58,Y6E62,2017/07/08 04:55:29,59,AGGLCBXMIRWFWNXM,48OZQ7FKG1ELZHW3RFMHSZS896XI0RLI5RS5XPQSH4THOVWJC632053FCH8M38HJYJB07T2X5J88I3N024Z216NZTFP5AZR612DS6R5JRMLPC7M2Y9CZ7X3DPLGF474L3GXVMB91V5GLUSAJLRN72J4NJ0OE3B9SF3OYOXMWDGE8D0RNHGI2FZX0HUPJASXDP5G8IZW40Z5NZ3
91,5TGG2,2001/05/19 22:57:08,37,LJ,7RKHPOOZ98AIV7OTSUD4N68II12AP42RQQQE3P6YU0IPGBIFPOB6E3ZIA0QRLV164GML8GJVC6SL478HS6JORVAZZDDHRRAV870W6VVNNG0HN5CAF5J919Z9YKD534ITS4JWU2E57GQLYWISG7ZST391B5NC8OENRQKZP8CBAOT3EV01KOAZXM3PTPTZ8K0K2SMLO05QYANK9ZJO3MSJ41YI8P3Y43UA7CJ5OK1108EEIQDECVMFCPEQPAOY4OFFQED9OCL2VR5MIW193VK17G0ZMBWP6GF3J3YJ06UJW1U7JU9W5Y0LTQATISBX4
35,W228J,2004/08/28 03:28:24,75,YJKTZELQSOBGKH,TYV9Q9R2MRT04WRBG08BPCZ544CO7TP43WFE2NQU4RICM8F7PY09L004Q2MSJHJEAQ3RDIZFMWBAHGUCOMDCWRIRGTUOBBPMCBXJNMTF8MI1CA6K0LXKYALXM6WI9YRC0Z0UKS2NJXLQGBU4MK3ZXPRX2BWPG0TSAAQB4COJOEJWT6WY982ETP2GRI91DAUD7UPPTDAJ1K6M00AR3YU6EKE5LG1U6Z1LHM4E544LYSPRM4QAQE1VF2W2FCPDTS4CJUWOITVIBEA7BAPJEKHLTLCMQRVBK5XDEDA5MI5HC5M0YU4MCMGOK0F6V1ZC
47,92732,2000/12/09 10:17:59,98,EWKQNTXJG,5Q959B3LRARHFTGWOAU0IIQPEVKK6UC2CBKYRQ0W9XRMPE4Q5Q989Q4I3UQPK3C7ZSAZ783XD0521RLLXQX0S20T6MSTYW76WFKZX2S3FFP2N6ZZVGIOLWBA991ZRANTK5CNGPZQVCJFN2AWQOI7U45GMD389KF4OKXG38ZYLEUH607FHRZMI75QA3P89NGIXBC3ORRNFI090QNLJ6YW9AT7Z8OJZ1T8LB0IXGU4QLRG8XT7WZMPXQBWWJ7CUO0JC9ZG7D1875AOYXSUAHRJM1FG1N8YERDQUAW8MEBXMQFJ9CLL2W5MJ0CDOQFPVUWF
46,U7X30,2005/06/14 17:41:56,99,ROUVKKZLWWEKQ,05NRRUG26B024OEMAXYHLDP68GK0K21RHEHKM7RQ7BMZ89LL5ZP8M2XDFRPNTW41PWB4DYOEXIP58P15CTWV04AVZ83GJZLJJW18E647D06V656W40T7Z13VURYJK7NLNGRRGXQZWQD0YT62YT0GKRIGJ68MHBF120IH20KABOG9N03PQQLC3V78573LX2VPLCLT40SZ1LSPT3Z99GEWXMJUPQXHQS73EHJX6Q8TXSR6A0CI12FEJ55IOK7TS86R2HA4GY7NCDHPK6H3L9ABG9JX9FAE54Y3KLXSY3F8
71,BKP3V,2010/03/31 11:04:14,58,ITIU,GDMFX3YTJBW7PUBVDLW0LTKWS8HGJCLNV2QZCUU3JYY9CQGXH18IWEH25QN5995T8Z0ZMPSGTAD3YNGKDH2SAOPAJ9P6AZT51ZQ6WCQNUX65HLY
97,Q6QIV,2005/08/27 11:10:15,44,BEKWHEDU,9WBOBVP13KLY6QXADERS7PZXML4OJHSCFSTA7LOFQLQNKPK26UXLUSP3OMAR2PFL1GMDVTV3C1LTIINE0UQ40W87TRXPHMM8SVKLA1V080BI9M4EAI2XUAEL2GC12QEVJ43Z60MOH5WS27HPS3OB2R7VNJ8T4N6GOT24IAEP36MJSM56O7BFC776LYO7XUR69T1O2AGE3T7T9ITECRFQXPV0IFSAO8CB0V0EOJM49PB8
37,CRAQD,2011/05/15 06:34:00,21,GPBIPLVTOZWFY,06OIQVQ3WD1SKFTLW5BRFKXKGE6LYZ4A1OEM5YO51CBHFHQHMY9AB8JYA2C98EY848C2ZEXIA1FHQFM18L3TYHFFQZSRICRK3P3RH9V55B480OJJC6KG5Z7CQENFH35TGMIT14ZL2OHBM1863SUYG6G8088QC5HQXHDGWQ9RQ29NM5M0D7BUNQVMASXNK81FLWV8PIKDV6N1MCHUJMHG0VEFXR4NTOVAZV8UH19HYSY1ZSJQXACU3L7E2CNV6TR96HEL7TQZVMKFACTOND0347L25HCO4ODFYNN1TA
94,1Y9PR,2009/08/25 08:11:12,86,OCQPAICJBLCYVMERZE,QA9OJ31RYINED5A5UOV633GWQJXWNY7LM0MJ03CD3J8M9UMQW3PLWJ6C9069122BFII43KP7LR4YRW0GH710FF8J3M8KRRSE2DB5F2IGQQH589ZQQ5KN67UIX48NJZH7ZQC0O7HPPJ1XE5Y6CW47N2OC90U08SNG7L3E8BW0OATWIPVJPNNWFJ8YKW57A9KJMPVX8FDE2M8DMAGYFCEV0U9C5N09RGM920SCO229A7A0A4ML48RFCPNUW9K3QRUK977V1ORZ2F6G47M0A8W14MEN2YYDAW6J4WW82UFYJ5V44IEZZ1L9PA53YI9T05RM60RU4JDAMA48PTKMS2IJQMU6LOSEGA8YRIEAX5BKOCS5QVQVUHJZ
51,NTI7H,2008/04/04 09:16:55,27,SBSNKLB,KY929CCI8W6OE9D731SVCFADAV82VJST5BKXKVPRAL6I9C8CUYPNG0RZPZ2GR3N9TIGP4W1LIJQUP9M039UVWL2PB1K4D8DQWBE0G81YYR6SWJR8S5W5S96N842T0HDU877TSMJLFF4W5GWZL48W2PSTZ3FR9E05LDWXPZOLU0FB5EU11OCC92EZZYR786UFJTF24P6N3RPXLNZ3PGLAA9D9BPC056FRML3ZKO75N4ADG0HJ7N133ZLMG0YKUXGJQZPJ52NK380QE4P8HQMWRTFPKK5NS3W8LNN4VCF8ZSZ6NCI5Q30PJK4
92,QTU0O,2014/12/11 20:25:07,91,FJZTIYURDBUPGQWO,P655M7JQGA1SEQ4F3FFJLKT7Z14NCHL6TVAF9RU6MSAFHJ2X4O9DDVESO222FCUXZL2IU8P8NE3OS0NESANWCXDVUD190VOSJEXSEVOG8DS1OKAB6EQWUN9DTWDJB3IKSEJA8D4UHIJITS24ES8UVYL0AFZ6BTKFB6J4ZLNZD1VJ1DV6BPRE2LXRQN5ZFJWJN6745GINGJPK0LJBVYKOT37Q4QBOFSU47LZRBHNE7CVP0NI80LH0ZEOS86SWD0GE30FWONZRYYEKSXM0JEI1ZHZ8NKEE7IE8YCA73PXIV9KN898JL4KCYG94CU
56,EGSW9,2006/08/08 19:43:26,13,HK,28H01NI7V5L5VXZZ0PN7TLTJDBI75Q5ECI244K32KSFV15GOZNWYAP4ZO9LFGGWP5361MYT69OHYJ58L0JP050NR4Z5887COCF1TTZJ8H3EWFFSTKABQES77HRTA4Y0B1MR2VMRP1HC02QU9T0F52A1XADFUCEBC0I300UU5J3V6CP2CASKA10Y8
16,7NNF2,2000/05/11 04:25:25,26,SWAQJSUFFMSDKC,JZ9QDCF2A34KBSFUVTZMP6OY01V4T1U4WNTEZHV4QF77Y4C4LLJQ6ZWTEHLT4IVGW24OQ9I1CTWHRESBMA2F2XYFL09K7AF9C6OCWOTRHXTY9II2JORLTGBUIROC4HT
49,H4GRI,2019/05/17 12:06:33,50,UYHWYGYAFGKS,XYCBHR635SUIPTV924BBOLQ7ZS12X6W1EYFH8FPT172JMH251V9OR41VKJ1S7JXRAFLUSEL6VA1OHMHO0L0FRI8755TG7M5C9XPLTBQREZSWZZ79P0YMF0C8ZDCKN9RQK8D2XQ5XF77CI1RYRF3QC1D4BKE317OYPKVECFR155QRNYHOLYQFD5JWW4RNCO71KN95NRX3QCCM5NRY1J3O16C2NFGTT41SX9G4DR4LZYA1RY54H2VBT4ONYTJEZZ6LVA9F1CAM4XO3CS0ZVRS
12,BFJOM,2014/05/27 02:50:02,25,,30HKHJ95UVTQZO5WF5I66BCYZLSWM588MRTZBD11VBFHUMFJVCBL2C09O1VBD1248D8HMWPEIW73AFL2KMYH5EVTHG2FL9MT7Z5JKBWFXTVGN3JXZVNIU62PKNY0MRD8DENZDLLWBVBMUSON9K8OVXDSU16Q5FZZSW7ZF9ELN4Z13SGXVVG5JF65H5Y0GZE95
17,SMZFF,2015/04/03 06:38:54,92,SNYMBW,YMFD07XJD6XDIK4IXIUF6XEKJRC56K8T7JJCCFEAG5FEFK5FZ8M7VRV7ZFNII64UV50WQEL3U0GH8AKGYP045COZ1ZHA2ZSOEHC5X0Z6E6BZ9NETQXKRN1WG5Z5VP2C0I7XUC3FRSBGYWY7DFQJUO60APLM30UFZI1NEWTSF7LI1HZOB0D6XUQFAUYPQPWCHW59UL1LM26UXG9DE471PWTLEUC51VAYN9XJII9Q5C84VAHE0SATN563KWYQ72AHOTCLGVCLOAQZ9YTWECA7W244ZKJOJIXQVT9VFJDEJRQ46ZDCF2YV1END8BZ09JUT3WGGNKZZ534CWR0A0M625XOUTXC8W65NST1X69
44,30BZI,2019/10/30 07:54:33,18,DZCPYUJKETGYSD,S44T8VK64WMTSLYT1MMK934M4PYCXBPTKRZPBI579DGXS1ISE1WNRVO4HX5Z0HUV32QZZO2II6B1QHZ6E65UU423WB19OYA36K0WY02JK013MN6NSBY4GNZOBN6JP8OTNTHCGSPM1T80KA1TUO9IRK3E2XG4QHAXWTPC4AYUBKSTUP4WAPDBBANT538I5Z2XUKPSGFOQP29EFTDL8FWYSW
53,8P2DH,2018/07/05 16:45:02,37,GZNZNAWWRKKXM,LP1U0YKC7THFDUC0RTZVR2WE5NAR3QOBFVO5V37CIIXOCMQWT72U67Y4QMVLUQPIRJQOSI2RXLNLYPJMW38NR7MMDRDJE0QYYXVIJ1GXFP5THBP26DLYDUC2YPPAM2F4NFIT215XKZ1S4MHPGZO9VPJUDG5AZE4PSPVT8STR3SBS9OP98ZPD2PU1FI0A15XEJH9GEM2FLE58N8OGUKRMO3CSW88H4FRZX1VQFZ0SS7EBMFR9EE77BKGS1G4SHGKE3GTZNJRSDIY5EDLFRIL7HLI79QDXQQHI9A
61,41VGM,2015/10/08 11:32:16,15,BLTGOG,GDYAUA3XNPEKUOR8RCW6PCXN14TWYR7RJY9RH92FF1595U4PJNBJDM7L7APZXCCR5IZ3O4KBYLOHC3P7FZ7LBEMOY4N7S0JKD0IUQGQYZH37H16LRZK5I9V7D19I0PZR9MIBU0XDKAUVFVQXYHB86XE0C0EPYJ1ALPFBLKILVZQP7QXN2D9T30HWEGO2S6K6RF2NGUFX3FBW6HK8YSTM99P8MWNSV0WPJPF1XI9MWG91IEFCBS0XFWA5DHPT3HW02VEH7DPAOFGUF1DE7WUCD05A3G2XVR98DFX8EZMU0RRPFD10KBD183ABKDI1SV9CXUU2J0X7JTYO7ISBCNKJAF7PRW36C1TZISASPM4HKZ0X8QV6LBFA90IESG174K1AOHZABT1M1K2
80,O2WTL,2011/06/24 06:45:51,71,NNROFHKJXM,ID8SH1OKNVRWIACJ6QZ9YQLC8NAHKEWT557MMBOPBB5FLHRXUWW03RYWSORPLYZKZ0DQWV69M28WUIV9TM2JGPNTJAMLC4Q4EJ064WM1EZ5FZDEQOGYOP46JU1J8V63E7LW2VBHJ3X6O5IAGXYB8L5PX92N4XCO4WBPIGYS0JI2CXGLRK3HL7PWU27ACKL4BGAGSUHN2NIPBQB7L9CFAQAJHPNG5DOKZ4TMA5LZTHQMCAT3TZHJU5HHBF8UT2OCV273PCK6F7C71QY7BBSNKXULUALRYO6O6S9E45A48POD6IAR2YZXY7YO7XB6O8RWGMPSGFF4XOP3YRQT
66,BE3E8,2015/10/23 13:29:31,97,RSELTCOIOFSKXQKYW,3F0Z617X5Y75WK72S8DB1PDQPGTUBVBROQAYS0V5PFIBMRB87K9NZLGKQDLAIEEDBBPKVQB0K7QOB9TRZMGDJSIZS8P79GHW6DU8QS68JT
4,FFBE7,2006/12/09 03:53:15,11,LOQFTSPJVYCJQEU,KJXNZ5ZABEYIM43BBCW6ECQ21ZL950WK5GYLD3YTG4KMUUBJENZAPFTRSIKEGVXSN2HCL9V3JNWVB4DQ6F282O3HK5A51R9GPQ0ARW6OFPSONSSQUU8E4EIT71BQCYT5WLSBASMCQVATE59F2EKKAZNFL2BMFIFPL9F5GG395N6QJLBACT0IYIWK4ZNV91K82TX9KPUAFQF4KYUL381CEA0FIFILR1YQZLI8FF5RS4EDYXPB8679IIPOMYIBIBCPWWTH66O532RJPA0HYQI7O6W66LDAK40X8AB4VU9AG4SX
20,1LFJ3,2019/09/01 23:28:35,2,OAVKBYNCDJ,D2GPDH8AHBZGKTPC3775P5HOPUELYK1VXS4YWRSVBLQ9F1L4V000M4BC0Z64M1Y9KW3H9OJYMDJXG8TPBX666U0II2R5HLLKOI72QFGD8S914QDTUYEVDONIJVLIJ9G9Q1691VU4QFL35QVSF03ALMCCRUURVNRH
31,FSM4V,2002/08/13 12:37:02,79,PWEZLLSEFHE,WBRGYCMIQ7CZEOF62NCWYZ70RAC839V0N3M2SQX1G0FX0EB42AOGLIIDGPPSCHQ3R5OXGZWITYN8C9ESYW34TK6N9RJWN429AXJ21Y65INIO6LUBP9J6OPFXBDYYSVPZBB1PYJE76OGNXDVVD2C0V2YJV0G5VECT145Y14JDGNI8PUC5TVFO2I4LKBU1A2M7LU9XHIO9KNI24EV4Q9K56JL3K8HN336X07J2N0T1BC59CJRY3EG1D2RSG5ONN4TUF53GLXOV8NX8V4SYZIPM8U7JZQAO24Y6K43QQ973FISAQYJS4XO9C1OL3TARN67DKS3I14CYKZXCGLGZ93FFEP3KA52KEFOWM2QC2SJ3ZFPAN1FFMO8HWYGSN64G5MHEHHCTHWPE
64,VZQNJ,2006/02/24 16:34:09,4,BDJ,EW7KIMHUSHY300X0I8SOO2G5LW30NCKGOOCRRYCHK8QG5L93G36P28P902L17LANGFPUR2H9GK3SC6ZMWQE6N8932H7YLJB1P9N2YJG3KB6G80FJR4M0TGE3WKDFB8ELSQNR2USMM139OY7U7S8QCUYTRWKFMJ6B
24,3OXJW,2013/07/19 21:39:40,47,CPFBVNYDEZSPOAHNB,UGMEE4KSX5SDQNUU8CR86LPRZW0GYQAF6NLIABLVL12Q192SYHRZX45Z1I6T3VUNOUD1KKJNL3XZ1MC8FUBXLB85
15,ESN64,2015/08/07 16:52:37,34,CCTWXVPYEZU,BJIIBNVXNSJ1PW1O8UUYYI2AVO7GD975H0U75VA
48,SZALH,2003/08/05 20:22:57,87,X,T0RVIOY7DNG9N0GET7PJP1CM22DCKCWQJ9QKBKZ4G240LG1J8FDI4TYAJ9INSVRTESAIPT257744LHVWYKXMNFUSNSIRTVXXNQUNM1JP698YR330M6HPGVBQIX9I8BSXXZ4SED5V6F58ON8GIU05H5TU6XKYEUSPYI3P3OYY2IM8DIOAZXVD42NXEABXZ2O48N4CWT0T94HGJMN6Z0W4U3CTZVKVM7T769T60MNNRRYDLKOZ19ONQV028IGPDNBADJEYASMTUY3WX51DK078KHFTA98UAYHQFM54NMJ1SPYJ2QLH2D9H2P0MZZNNIN53RG1Y2TYGPQ
57,ABT9Y,2000/02/03 02:20:29,47,PGFZWS,VLWHZZXQQZS5OKWNCIXBWD9G9VIUFNVFW9GKHXCJ3REW7YJ0PTDUXZMPPF67W7J3WJAPHCRHCZJN8RTUA3D57T1MN94XSK9JXMQB72SVC0PY572NCL5PZWKW1TKV11LEAMQZ7ZTOOW0OZ6JLSMJXESN8LKLWYI5NP3LT51NOXQZLIFCIV52X7XXAMCEEQ4V0AOVZ26Y0MP697J5SBER4OT2XT90JP87WFQG0BLE7RUGW8P51B2CWDKMF0FADZDAREYYALI10KF0PG5FD7K
62,EBZ6J,2010/12/23 06:29:05,6,URJIALETKVC,JPU44CS445SRD7SPMJ8
75,GMHFG,2004/09/14 11:07:04,51,UPKPHREEHKGTTRFCG,TETCY6N9EV99BEL463QI3N6M1801TD41FYYFLJZPYN0SMNYJA8VN2VGOWEEKSO2LCTCYGXXNHWAA5D0VGX1JJKMEL08ZWLXETS52EEGGPBS9JMX8MLWIO3GTBAUK9PTWG3U1YGC68EDBMUR6YICHOU6VGHLK0GT749KOPLWWOEH8Y4CSRS4CJL3ATL2QLAYNLZWV8IEVB8PA6OFXVF0FIGX8VSEAD8VZS2J3AW4NXWJUGZYTSF3GZDK9UG9R1DGQ3E3Z3V3NB9LG7FZJNAAWCEL7DTB7X9X78HACEK4MUFUH5EU5Z8RY9C5ZY2VPBPIO8QX59LM51NVKH1ICMMQ7608XI3ZOCJE82QL1CERZD74Y
36,KZRVR,2008/10/03 07:31:58,86,WVIHPALJTU,M91LX8FQC53WU4WUEFPSMSY8D79HBZX5SEWBK4E3A9VJRIDS9PPA
25,WQ4EB,2020/12/02 12:18:01,67,AC,SFTOV2HCH0F38LCQMW3MHQDHQAF2CP68J4XEARGR4M8YPNV07H10S6WXPG1JVI9SAUWGKMMXR1FNHQ54QXLK6E8SFJG7VMJGKSR04YN1S353DJLIZBP92BR02KMMLN8ICS4JPUOUAQMOTJ02QAQ4996IS28T5XMIE13NJ239AYWON7T8VLBPKSFYLGIFKMPF1F1WT8GJSN6GXGQQLTMK7ZHWYJTRW7P15ZHM6YX2792JS0Q0VX9WI9WRNGQ9FNUDELZXSBF5T7KMYE80IFP5RDYVXJZ8641PG7N6M6JI8U6TMI4BT5QBN3CM0W9H3IC0UM65VRYO8HFSZKNLN7S207IRHKHLBD0KK5ZI5
85,KAYLB,2014/02/13 10:13:12,16,IHDEWWXCCUJTSB,2A5BRFICV9C3TOSDQB18IDQDWBV9O7XBJUPW3VDQJSKZTPYQR1W7A9M8I9NC1ADKFNX55B7HD5BWD80FTMHPCA8L6UX5M507NIBU0XRJ2JAUZP9AK1P8MJG7IGY02WABOOV7RS1C4EDEU7EFIA
52,SYFIH,2012/04/14 10:12:31,9,,IOYM27RLV5CGYP563L5UCT5SD5PWT611XKUU52TV65OKZGU8AQ97OWN6TI42I9ETKRHWNFYTU32BZ2OWTJPK0N1D1GXPSUSZT8Z82GJXLJBKW76X4T2OG4THH54KRNZPDWJCW7RR0YYQRR4O01LM344YAYDA9FWDFV9KVCW4DLPPGWVWDH566RJPXPIP6H7XI1IH9XPWM8NLUWVO4ZHO45WTVH2M64L2OFN
84,QQ8JV,2011/02/11 04:04:41,32,WPBERCHVQY,MNCQ29O6X8CZC9XYQSYAVQ1P6DWAT8L0SME4G3S7XRTLFV7UDYAZ73HVX32HSN9VZ2WOD443WEHTMTK0X4L9POA5TIZNOHGT9TSF8NUJVHZC9TFU1WC4LKMHH7HFTDRWJ16MPTBN7NZVDHYOFDM75ZDBNXO32ABSE6HZ8HEA4ER0BCNJHGQTZEAJO5PJ95NPV3IO314WF0JIV45MOTR1PIXGQI4JPQOHYKXWKILQXE0AO5TINRCVIS9F4D5H7YSIBZ112ARI2B1Y49FI5B1YUG5V282WB
79,O6OMZ,2009/08/10 07:32:08,53,PGYATXBXTSWP,RHQ5UIRBJERDDX5B5OBH5FIWHE2KPZP9IMWTN6B8TMY8DWWZ6WD86U1PWNYAB4N9YCHQ8SIJFCJ4FQRQS1KSYIEKMGT1576B9P7EMM3XWKIQXPQ6C7V739YZ8E1KJ7FJHLSN16ZK8FY625H01V2Y4IDH0CFHZ7D15TGRFJM6JE90F5GXOLGUF1VWMYJRZM7EZ51CCO128CS6NGSO57OWNFOR4NK5R6APBLMANDP5L9
93,Q0TH3,2013/10/09 05:47:13,19,NPNDJBCAEOVRYHLHR,DEWVDDBOAYNVO3761Y8FSTSK6NOY4HQPCAA2Y0TEAS6XUO65XPDOD1OAIIQC9ZL571K5UM2B9WCAZ68IN7IIGH86Z5D87C59UEYVT2GZ39UEPG3PIJFQPGMXC1IK6XRATTSDQYTYEPMTHP81WQ7P7XQN3F8YLK8NN99BWE6J03WVBNSEWCLV7YH2ERH16YL73MPK4CS5H9AT6KPOLDCQOZT4UZ4HKUX9E0Q7D0XFE81THHLQKA85YRH7VKQ85XA4E80N9EW1IT5GLJEAO4WPRWI7Y94YPX8UVLWIWAP0EGXJ6UVUNIV
38,S7S85,2009/10/18 16:44:01,66,YFSECFTXULGJYSJW,YNXXO0RFL0VUCCXX6OPPZV8Q5CJG7E0G6KZB64XILPO5GWPCHJVN786K9XLYBUWLYVBPX4OAWI865MANS306BHQXAHIGNAM03H6127EGM4RRM5UOF7
18,954EF,2014/07/06 20:10:18,5,LQWGPVC,XJ0CYUH73YN17L6PE7F9VDPHB7JYN3MTFDYDWAHPWOL9II6K9LB93I5WL00KJPXI1S0H5WFD
50,XENGH,2003/03/18 07:25:50,74,ISAOWACSYVNHAJXADPH,FYU05ALME4K1RADRLWEH9PAUC27IOAJ4JTHB0M1HWC
88,QXLGR,2011/11/30 16:30:50,93,WANTFVRVEAAJBXJZ,KF6518E9M0GC0PSEK7RDGH5U1QKULTJZC35EB4HOGMWDS1UMGG8QQD1SIEI4VKVMZMHWGH8R3V3YTDPBUMW90550967KJ19PJS8E9X40I21K0YB1HJ3H71H47TQF7E656RHP6U3OWHOHTAVM5M3E4M4841AKZIP9Z03GAVTO16KNYEMHCKB99TP5
6,O4SL3,2013/08/31 11:59:40,77,PNJZVFDQJUXPEVEL,8V05E484KGCFAF7RQR0PAZ8WDD1PUQJVPVPMCDETJ6R3AYETY4
96,IKZ5U,2010/03/22 17:58:56,96,RBRZRUVSZKGCHAU,KLIGOWFZX14NTOF07VW8DML288DAD245PV07995WW4YBA9HG3OW3F3HFYLQPKQ23XURTOS88MRACZCM7HGJP4Z6HX3PF9DL7RGEY2SJHSUGWQG42LBJ788LJDUCLBVDU2UVD8CZYJ91Y4BPYCTHSYQDRVX9VIYOMK5FRGKDCAF8DSGRDE3551F5TPDK2MTGMPLYOB240REV26538F5OJAUF7ZHY9D6C4YGJJK09ERIOCY9KM0CBP380UFKLA9PN7XZOEGKR2YPB7I2KDO2VUJ2YK48Z05WOTM66HK2
11,CC0I9,2008/05/12 20:48:59,21,B,FVH2LA98687JFS2OT7LU2F3DR4Q
40,2GVPA,2003/12/15 15:42:20,2,FUJVWWPPCFHAHONECUS,0R2PIH0O1UT7IHXSUWASICI80EXNDOPSXLWVRGJYML8HIZJ23VE3B688TKF096X73CLCFIIOM6UOUOJC9PQQQW55M0J4TTCMZN9TEZ6D0I63L1HCF8EP0TGMT48PCOH38G6JIW9143KGFHPD0YO9RHKCITQF3FOWGBM6WSX20RVQN30WCOTQVASP9Q0C1VVB6S6SJZGCKQBOQKPDO87W1I7RHGKXS4VREC1C5DA9EDRIJUQ4EMMMR53L1XSW7LIC8T6HBFH3KSOHNDP7PUGOPGHVRGURVXTM0L2G0XV3G3K20GPHIUP8VG32OER9OHE5GXYOQE55Z3A5E25W2KC8
1,8DGBJ,2003/05/26 12:45:40,50,YXETLEYPSHN,VP582U9GFJY02CJZU2Z6RYK3H7A8Q24MIDZGU2ACM1L91GY5FW35OOVMW6NJA53XGVI2U0QJE7HSUGBABKWFRCY61BHMPIGTL6Z
27,9AB84,2015/01/21 04:35:09,35,PUPWFJMGXFK,JC3XOKSXQ1Z1WZ2I49K12MVJQHQJZR5XELHPMQT5X5KUYRNSOZE2OANHY5ZTPY0C79P8XIACH6UNKFKS6B93P3D2Z1QPL1PKFKGDWUPX1MELP1T9WJJ3MUG72QD0Q3E6RZQW4AVTWQHWZGQZ0E0WJJZGV8GL2M5MWQTUVTGEZ
0,Y2U70,2006/05/01 04:19:15,52,ZAEMTRF,WXJKOKBNZY70N3TLVGI1ARLDBC8NKKPDDVUX9C1CH72UUHEJN9N14I1ACC384PINKQYGDDAJ3SG7OMEJOPJ1T9GOVME2W4T8O1RFYPRXAQAR
42,RQVY8,2018/12/11 15:37:56,7,,3MBZ8PME1LZL2YSRGUUVGZUTSKSXUUUEMPBLUGH5EQXNLL4RZ0C
87,AQGCI,2003/04/07 04:23:58,67,OL,PPID6DEG9XBVSR1YAZCEFT697I8V3ZKLFMDJSJIO7QFOZ73R4T2NUW2GWRIBCY0EU3GGFHW9MOS9ZIZJ5S5T65BT5I75ESCVE8UQGRYPZULG1NCPTIR6JXUYP0PECJ9FJV5EID2OT4BLN51WYBLQJ
99,8PVSB,2004/09/17 21:08:52,80,AZVCHOKYYBRFCCJVYFL,WIROFQN12PANWQZXYP1BGRDSO29N7120N6D5K86LHFKGEPRXOWCRWJ8DD7QDCADGW7ZY6NLCJY1ZRP51TF192IX9SA6VTBHLVAV0VI46HWDZR964
33,Z8FTE,2018/08/21 11:48:46,14,Y,IE43QRNR605OCXWBX6ZFM6QXBEDRL82W97DS4D0SB5F9OVH86FZNSX2KJY78BREWZEL2JQ5AQWT7SWSI5RZJ3MLBVRLKAMFZR9AEFLZ28BIS0X8E2JSD
77,0B0KP,2014/07/20 02:49:57,36,ESUIISDEMQUASAHAIUU,SAJZGIKUUF8KBJUNKZBI6O9WP7D1KMONENIOQPJ800AW7UL6MMKKSE7K1LE8HS22JMMECQJVFSH2W1NNTRYB4AYU12E8Z2TXMQ6ZKTMEJJWL7LO96PWD4SEC824IF1QKREMXNB068PFUJLD3FNYTE74W7FP1L7WE93HKJ
67,SP9B7,2015/01/08 18:52:13,65,KZD,27QKDT9GIY47GDEY3HCWFAQIOKF4VKOFR98FTMUK8EVR52UDDAD01H6LKF21569ROJHH2641I07D7SOHQZVU1TG3OWFJWRPQQC1DMMFV1JSQ0X3MKANWD94Y40EWGEY667SADN7LCARFEVP1D4R7WHHWU69QNTC3Q8HY8VU7S18UVN38NVVBOBJ04E84JQ5JV88VSEQ0RG9AOQ14Y393F3G7VJW3SAH5IJCL8J542SKNIVDBA75CDLJ
10,JFE57,2011/05/02 12:06:47,63,LTMQBIY,0AECEEPM3ICWIE96EYLS5C3HOFW3JEB2JOKE57IZOHPQ1FMJGK9S09ZP2IFI821ODI7AI3R21Z8YIVOAXIZ4ACXPSGHQ7X84WUWYXF5L8LM0M62TZ37H0D9W0SL8KIOE2KLSS22PLIQGT58Y57O6HLGFRZPAVTW4TTWKCSZBU9W8HYTOEM45QRXZZD9Q9PFK3ZXD1CA0R09X43ZJIDQWVMQRS7WW8LXXW92K0R3T78VRS06B082X57ABJHOAL7D19BW5TYCWZJCD1FXYHURE0FZ0D8J8T3C72Y3T0CEVGQR2YSBRHQRJ26CT8WYFH04K88D28Y7GVLJSMSNTM50BTU7EZY1WFW8PSDV2PKFR3YDY0IJ6U09PC5FC22QS219O6C9FM1ONB6QI
72,IN82X,2015/01/16 06:59:55,35,COAHSM,TEDYUYEWP9RKZ3TFJKJTA89VCQTYIFYON6FT78W45DDREWWPVMMCOTT2XGTP9HH3CHGVT7YN0Q8EOZKF16QUDMYFUWHYXR11D6149MXE34DVVUHO9881ONTCS1HO31PPQRFAZP4JX5TY2PB561KZ0R1XXXS165ZDCECOJI3DLHQ4AFFP10DIWZ9AW5Q5YMY6TJUG8797VH6366D89Z35WTAIE55ZZUD06K2I36UKBO5MK8U0BKZJC8
70,5GLVV,2005/05/21 13:51:46,25,BTDZZIN,XZOIXNR9OEN3885J0XV5G8Z190OPT0Z3VIUNMJ16H2GS9RH7O7857IAXOJX92QSIOWHXNDQ40GYD996G4Z9GGBI7QCGV3EWHUOJVTY1BTB29ER9S8CZDGXWR5B5SSAS63MP8X4F6TVQIDQ2IKK0KY017X0TQS00M3AOP0E5CYJCPTNJ1X7YIGCO2WARNX11EHL5H5KY91J4JX3BTVYW2M00LE4B3ENOUKBQ9NQR3IL7LFV5SHBZP9AF3WWS2XO9RDNKXZ1JSOER6S2LGHW9HPV7ZKCXAXFRDAEX7NQPXBEEQY4CFN0MNV3T23AOW1WTOE6KRXVRQRC9UMGU0F1A5M4YUPY4P8WR7RH1NSQQI11BG5U7SKJ34L
22,POG44,2017/02/22 23:48:06,18,LZT,DX33I3TJOYBKHOA4DK
95,WQOPA,2005/08/07 01:04:22,60,KGBN,XVYVQAPG8BAW08UXUB3MHYSMEFF3N77C24K8NZ8YA670YF2NE5N5PU3MDZ91DB45DCL4LSPKZ90UVBK3SYTSI4B5GYCBNRZ6ODHUSFLP2EINHYLAJ4W098HT6RHXXGGR7ADB3S824EWZC2MHEYX1WDEPKC5GK1MN6XJO9BA712U9QCP3NHW347GCC6Q4W0OCOPLUM7G9VAOXY7LE3UP9RY0UEUPMMCBE8YKBE1S2R2ATDQUL44IWDWP15ZSRCZ3N3GRHYMLRZABL95LO51J9Q1ATZFKE50TKT61EIOYH6BGQ598EVJKPYIA17NXX183VK59W5LHLOIY8A38EDCZXFYBM5YJ2OHW9X0U47G7QBLJEBTBK5SC6ZAO6QV1X7ZLQNC
73,6MR9I,2003/06/19 00:00:51,57,IWDLAZKRYBKCMSQMA,1HAQ79R4MCABGBM9T6CHCIWUL9YPYXHYNKNZ3XVGU6S7RGDDB8BTH721ABW6RALONFIISRLV9BYIZ3EN6X7ORYBGEY2W0SFJGCI54OATV6WVDTV3YWIDHRUFT35ZFMULGB725353T2F4GZP1NGUQJAQOUYXEZIPOBDAO9Z12AVBKTN4FQGXQVSSCODWNEXUZ7DJBXX0M5HR19TQQ8CT2TSW9Z87PVYRBWA5MH8OZPW89GYIUNE1
8,0PLHU,2010/11/08 21:26:41,47,PXNXBHWORCXONE,34PIA2AB8LDAR4F8B92Z5MKTMTX4XQ4YTKEVGYSPJ8M1ZZVRP7DHHGKEK4IVCUEYJ3BTW46JJV3THLK11J07UR32FJI3N220JRELWF9220ETQUHHM970HX70TMS76UMD4HSZ57OA52IC92MVMYCMJAM6J2M4EIWKSE9Z95PE8GA26E3M5X8U6FZEXEZQ2K9S0I0VCXXP07J9DWJCWZV39VFV9O5TA5R8T3S00QCKS8DMK91YG3PZT5
9,LBK31,2010/09/19 10:31:10,37,,HVU44WG8C2ZFMI6SHG4WGHU98DO27HZIT125YFGC9W0VKGYHYOKWZXK4XSUNNX5NZ2CU55L2NRDKD60HM659CLFLBA2T6X7RQKK2KS2E6FZ9J4V87WVUOTY97WYLEDEZ2HGN9PQ71UZLGPEESBI8T1WO5YJLZXY4JAGN6QO8JIVQLL8N570XEEXO2WCWQF0C2R07NHFKYJUK30GKUDTD8OD0LIEY2GVY8L4QAEVS0ZEYYAAYMGBG4KRXGE3TNCBODYN243TXPE169HOBGZ4L64ZKBQXH0NPTQJPYHC2VLHFPGF8
30,A1RYI,2002/02/11 05:48:34,63,HHFITARLYTWO,BH84T576R9J4OSDI4IZLY7B065VMVDHU43KPA2LWWAVU5TREBP8U7W56TJRXW13T9XVUQXD38NEHHHY2CN7Y04XIHJA1T920LKFD8COM4IIBD8MJDD47PM8XZY9XOGPGRZVI6F0Q7GCKLY461KN2BSJ2SBB5FVIPFRWEMQE9ULHCJF1LIPQDTKS10N79YDCG
86,489VJ,2002/02/30 20:20:36,26,XJHPLIB,L6HVU0L3PVKXL
21,4EXFE,2005/12/21 19:50:26,22,ALPBY,6V5Z8V3DA9I083LW70I4F89IDRMSH8SX25OD7S4094PRCOX3CXGROKJUI2ANOM1FC1UEYTHQY0M7M5QOW7NFH3XBDFJ66K12N8IZ4OGSM2KXZZ8JUCI5FT4QYGYAFGZ1159HZ9LQ4EVFXPKP1BV5LP4UPIHB886RAT3JOAKPM24QWJ6W3EVFSOSNFKV5YPZGMMEYNAM7AJ3A95WJ3CNO2FFAK3RFBI0V1RNTACSFX2FP6CELH1QHXBGQSYN7CGL76ARAUW4ZJLG534T6Y5KBSE9CSIOKHH0VA9IL6A84N57RZPK9Z78WGVUGLJDPM7CBBEILMR7JT5TBIHRW6WI18Y5NMAXVHAXG7MVX5TTCJ
41,2M5QK,2000/04/08 09:54:38,44,NSLAPQKODF,3VD886HK3EK6KVFLXJNVG1ZB66XBH21AFJPX4QAIBNRC7UC0JU8YI19HUNUYRGY3MUVUZE822B97TTTNHF65RB22YKZP0ILZ
68,UILWG,2005/04/03 14:21:36,80,I,GR21P97FD0ILP3GXSCCHUPGDAJ4ONKJGY6THIVJ6O7FDP2K6W93QM6XVIPV4K4R0ICIBHO8N381NYKDMPAQ2XMQYN1EZ1RYXAHIPDBUG979MPOEQJZTVHBF6K5ZZ5FFC7C2KIQWV43RVDYRGCIP2OXPD024DCPD77USEFEOOPEX1GWMM465UY311UADOP5AXFW90JAEJPOF1VTQOU159AI6RZUX0QNOGTPC1XM421TKM4RK5YIGDATNP8VKW1SHO3YCJJVL5E75FE224N2CLSG9R49APU4RIF1N6VHU8TCDC86ZTB6J795W4KK6QIELJL60SSXYLLQY1HABFHU6YLQJC7HIKFNW5O553CCTIBU
63,1CWCL,2001/06/22 22:56:21,99,PDZZKNBKMVAOQMYI,AAPGS4I255HRSF27UQIR9GG339RTCQBDAZHIYOR8EY6H9X83GR0QQUI3WLSL450F7AME7XJH9301Y06AYMKY1YVPJOFF0Y5FCSNM2C3JVKXUH3CD73ZARYNO129LPGH5BM87R8LYRVZHSIKFOIPTYPKWV0AT8BH
89,H5JPW,2002/10/29 03:59:07,54,JZDOOTKBZCD,LHW7A96N7EK9KF8JUYL9QI7BBSUYFKIS42P0W7MZL5HUXC4F52D9P5EYANVXFVCZB4UEOPDMPUDMQ0U2Y93KDDB441PPNQCYDIIU7H63KILNF89THJJIKWGIGUCOBVYLT1MZLBCFPY24F8YFADECV6L0CA0PBA7E1TN4L2ASU1XU0MY24LTOWRCA5ZWB1ES8P7JV71KDR34PPLTQNJRO7LHX6UWG3F2VR3R7QDLOB057N98BLY3QXZHHAE3D73JVDFABZ9CX0EMSHQOMCOLWH4JN
29,OR5QW,2005/04/28 01:29:06,36,GWTCBM,R7UHUTIW8W
76,ODE8H,2007/10/10 16:10:44,96,XTYDT,TN2UOZ9BMXERXFJEXG8C7ARHY7ATP5V63PDCCJLDVVKNWWI0BJXX3FIAHFEU3XOYUD3HYY2ICGHREFYGQF9YU9CF4RUSJR74L8DOJ79ZSR3ATO8JXBLWKWPS1TPXJ238RNEI8ZM3C12V1BJCLWASWCAF2SLDVQS7HEURVW1U6BP4U9Z82OMPOL2JAL2G5B38EORQOR9D5XASOE4Q2G5MQE4VW9GDAVMLNPVMSTEU276EX4YT0YDDK1R6O8BGJMWP483LGIWLAX8RP54S3ZGJ3285K36X8CW5R9A4IE3Z4Q1L1UPKWBJXQYXWA9
13,QAPPJ,2001/09/12 02:18:47,61,JW,IYV7I9RXDXFBHIHNP27XGWH6B7SJ42YWDLG3ZKRCQCWT918V3798V2Q6JP3YGSTUCVGD037UXS4XAHFXJ7XRMDF6E60ADB4ZD381YN1790A81743G4WUUNWT9XLNNHN8XU93QGE8HN3Q1FREGOJHU1G6Q1GNO27O93BLVZYG16XRLHBXV3XYES4CLNR3R7EJ7NDTKZKDS2V4G3HAHIB7JLKI2W39P2SG7O54PCCSMJM681MR81WD8FYLM77E525IVMA7WILSRRKBNS6QXYRFYZPQVFMWDAV9XQC2LIHHBYATP9V16OZBWNDQ5FYW5I06DIMWL5LH0QWZ5R81JQDZ35G6PX44R2NQNDTGJMGEFBXKK7QDG7H7OAE30
65,6M8SH,2006/02/02 13:40:59,92,EGATKFHNTRKXM,LHYUMOWLXOA8LLZZDGRMDS5G6WVPVXLZF98I1GDYSZ8HW6YMHNSMSXGNASDB3E7UZA3TL5OD4GUOSEG96HPGUCQDOLLBB1ONG0ZE3XNMK8P8STLV4RGYV08Q6F0L09IMW9G5RFRT3HJELJA58A4QN306EL36UC32VKS6FOMQSY8LOBVBVHQRM1TODRXD7P88LKTGU7Q27Z8545LCGV
